sku,manufacturer,mpn,product_name,category,platform,model_year,qualifiers,barrel_inner_diameter_mm,center_bore_mm,max_front_axle_load_kg,brake_envelope_diameter_mm,hub_diameter_mm,front_axle_load_kg
" 0001 ",DemoMesh,DM-1985,3-piece forged wheel 19x8.5,Wheel," bMw G80 M3 ",2023,,408 mm,66.6,,410,66.6,
0002," demomesh ",DM-2095,2-piece mesh wheel 20x9.5,WHEELS,Audi RS6 Avant C8,2024,N/A,455,66.5,,440 mm,66.6,
0003,DemoDynamics,DD-G80-C1,G80 street coilover kit,coilover,G80 M3,2023,"   ",,,1050 kg,,,1120
0004,DEMOMESH,DM-2010,3-piece forged wheel 20x10,wheel,Audi C8 RS 6 Avant,2024,null,438,66.6,,440,66.6,
0005,DemoMesh,DM-1985-S,2-piece mesh wheel 19x8.5, wheel ,BMW G80 M3,2023,,430,66.4,,410,66.6,
0006,DemoMesh,DM-2095-P,3-piece forged wheel 20x9.5,wheel,BMW G80 M3,2023,"Fixture only: 3 mm radial gap; 66.6 mm hub",430.0 mm,66.6,,410,66.6,
0007,demomesh,DM-2110-P,2-piece mesh wheel 21x10,Wheels,RS6 Avant C8,2024,"Fixture only: brake envelope <=440 mm",455,66.6,,440,66.6,
0008,DemoDynamics,DD-G80-C2,G80 touring coilover kit,SUSPENSION,BMW G80 M3,2023,"Fixture only: front axle <=1200 kg",,,1200,,,1120 kg
0009,demodynamics,DD-RS6-C1,RS6 Avant coilover kit,suspension,Audi RS6 Avant C8,2024,"Fixture only: front axle <=1550 kg",,,1550,,,1480
0010,DemoMesh,DM-1910-U,3-piece forged wheel 19x10,wheel,G80 M3,2023,,N/A,66.6,,410,66.6,
